<?xml version="1.0" encoding="UTF-8"?>
<project-private xmlns="http://www.netbeans.org/ns/project-private/1">
    <editor-bookmarks xmlns="http://www.netbeans.org/ns/editor-bookmarks/2" lastBookmarkId="0"/>
    <open-files xmlns="http://www.netbeans.org/ns/projectui-open-files/2">
        <group>
            <file>file:/C:/Users/itsik/Documents/NetBeansProjects/Client/src/GUI/MainFrame.java</file>
            <file>file:/C:/Users/itsik/Documents/NetBeansProjects/Client/src/ClientSrc/Reciver.java</file>
            <file>file:/C:/Users/itsik/Documents/NetBeansProjects/Client/src/ClientSrc/Sender.java</file>
            <file>file:/C:/Users/itsik/Documents/NetBeansProjects/Client/src/ClientSrc/ConnectionHandler.java</file>
            <file>file:/C:/Users/itsik/Documents/NetBeansProjects/Client/src/ClientSrc/Configuration.java</file>
            <file>file:/C:/Users/itsik/Documents/NetBeansProjects/Client/src/ClientSrc/ClientParser.java</file>
            <file>file:/C:/Users/itsik/Documents/NetBeansProjects/Client/src/ClientSrc/ServerHandlerInterface.java</file>
        </group>
    </open-files>
</project-private>
